center_id,center_name,city
C101,Indiranagar Hub,Bengaluru
C201,Andheri Workspace,Mumbai
C301,Hitech City Hub,Hyderabad
C401,Connaught Place Center,Delhi
C101,Indiranagar Hub,Bengaluru
C201,Andheri Workspace,Mumbai
C301,Hitech City Hub,Hyderabad
C401,Connaught Place Center,Delhi
C101,Indiranagar Hub,Bengaluru
C201,Andheri Workspace,Mumbai
C301,Hitech City Hub,Hyderabad
C401,Connaught Place Center,Delhi
C101,Indiranagar Hub,Bengaluru
C201,Andheri Workspace,Mumbai
C301,Hitech City Hub,Hyderabad
C401,Connaught Place Center,Delhi
C101,Indiranagar Hub,Bengaluru
C201,Andheri Workspace,Mumbai
C301,Hitech City Hub,Hyderabad
C401,Connaught Place Center,Delhi
